Oatmeal, -62
Timer, -48
Timer, -50
Timer, -56
Oatmeal, -51
Oatmeal, -65
Salt, -47
Oatmeal, -51
Timer, -48
Oatmeal, -62
Oatmeal, -64
Salt, -51
Salt, -46
Timer, -56
Oatmeal, -64
Oatmeal, -51
Oatmeal, -64
Timer, -50
Timer, -48
Salt, -46
Oatmeal, -51
Timer, -50
Salt, -45
Timer, -56
Oatmeal, -65
Timer, -50
Salt, -51
Salt, -45
Oatmeal, -63
Salt, -45
Salt, -46
Oatmeal, -51
Oatmeal, -64
Timer, -56
Timer, -56
Salt, -46
Oatmeal, -51
Timer, -48
Timer, -50
Oatmeal, -63
Salt, -51
Timer, -56
Timer, -49
Oatmeal, -64
Oatmeal, -51
Oatmeal, -51
Salt, -46
Timer, -49
Salt, -46
Timer, -48
Oatmeal, -63
Timer, -50
Timer, -49
Timer, -48
Oatmeal, -63
Salt, -46
Timer, -50
Oatmeal, -64
Salt, -51
Oatmeal, -63
Salt, -45
Timer, -56
Salt, -46
Salt, -46
Oatmeal, -64
Salt, -51
Salt, -45
Salt, -45
Oatmeal, -63
Timer, -56
Oatmeal, -51
Salt, -47
Salt, -45
Timer, -48
Timer, -50
Oatmeal, -63
Salt, -51
Timer, -56
Salt, -51
Oatmeal, -51
Salt, -47
Timer, -56
Salt, -51
Salt, -51
Timer, -48
Oatmeal, -51
Timer, -50
Salt, -51
Salt, -45
Oatmeal, -63
Salt, -47
Timer, -48
Salt, -46
Salt, -45
Timer, -56
Oatmeal, -64
Timer, -50
Salt, -51
Timer, -48
Salt, -45
Oatmeal, -63
Salt, -47
Oatmeal, -51
Timer, -56
Timer, -48
Oatmeal, -64
Timer, -50
Salt, -51
Timer, -56
Timer, -48
Salt, -46
Oatmeal, -64
